,setosa_sepal_length,setosa_sepal_width,setosa_petal_length,setosa_petal_width,versicolor_sepal_length,versicolor_sepal_width,versicolor_petal_length,versicolor_petal_width,virginica_sepal_length,virginica_sepal_width,virginica_petal_length,virginica_petal_width
count,50.0,50.0,50.0,50.0,50.0,50.0,50.0,50.0,50.0,50.0,50.0,50.0
mean,5.005999999999999,3.4180000000000006,1.464,0.2439999999999999,5.936,2.7700000000000005,4.26,1.3259999999999998,6.587999999999998,2.9739999999999998,5.552,2.026
std,0.3524896872134512,0.38102439795469095,0.1735111594364455,0.10720950308167837,0.5161711470638635,0.3137983233784114,0.46991097723995806,0.197752680004544,0.635879593274432,0.3224966381726376,0.5518946956639835,0.27465005563666733
min,4.3,2.3,1.0,0.1,4.9,2.0,3.0,1.0,4.9,2.2,4.5,1.4
25%,4.8,3.125,1.4,0.2,5.6,2.525,4.0,1.2,6.2250000000000005,2.8,5.1,1.8
50%,5.0,3.4,1.5,0.2,5.9,2.8,4.35,1.3,6.5,3.0,5.55,2.0
75%,5.2,3.6750000000000003,1.5750000000000002,0.3,6.3,3.0,4.6,1.5,6.9,3.1750000000000003,5.875000000000001,2.3
max,5.8,4.4,1.9,0.6,7.0,3.4,5.1,1.8,7.9,3.8,6.9,2.5
